﻿Designator,Quantity,Value,Footprint,Package,MPN,DNP,Mount_Type,Description
"J1, J2, J3, J4, J5, J6, J7, J8",8,Conn_01x08_Socket,PinSocket_1x08_P2.54mm_Vertical,,,,tht,"Generic connector, single row, 01x08, script generated"
"J10, J9",2,Conn_01x15_Socket,PinSocket_1x15_P2.54mm_Vertical,,,,tht,"Generic connector, single row, 01x15, script generated"
"J11, J12, J13, J14",4,Conn_01x04_Pin,PinHeader_1x04_P2.54mm_Vertical,,,,tht,"Generic connector, single row, 01x04, script generated"
"J15, J16",2,Screw_Terminal_01x02,TerminalBlock_Altech_AK300-2_P5.00mm,,,,tht,"Generic screw terminal, single row, 01x02, script generated (kicad-library-utils/schlib/autogen/connector/)"
