﻿pos_x,pos_y,rotation,side,designator,mpn,pack,footprint,value,mount_type
93.472,-101.6,0.0,top,J1,,,PinSocket_1x08_P2.54mm_Vertical,Conn_01x08_Socket,tht
83.8,-73.8,0.0,top,J10,,,PinSocket_1x15_P2.54mm_Vertical,Conn_01x15_Socket,tht
112.395,-106.68,0.0,top,J11,,,PinHeader_1x04_P2.54mm_Vertical,Conn_01x04_Pin,tht
139.7,-106.68,0.0,top,J12,,,PinHeader_1x04_P2.54mm_Vertical,Conn_01x04_Pin,tht
139.7,-66.04,0.0,top,J13,,,PinHeader_1x04_P2.54mm_Vertical,Conn_01x04_Pin,tht
112.395,-66.04,0.0,top,J14,,,PinHeader_1x04_P2.54mm_Vertical,Conn_01x04_Pin,tht
136.779,-92.757,90.0,top,J15,,,TerminalBlock_Altech_AK300-2_P5.00mm,Screw_Terminal_01x02,tht
62.2,-57.4,-90.0,top,J16,,,TerminalBlock_Altech_AK300-2_P5.00mm,Screw_Terminal_01x02,tht
106.172,-101.6,0.0,top,J2,,,PinSocket_1x08_P2.54mm_Vertical,Conn_01x08_Socket,tht
120.65,-101.6,0.0,top,J3,,,PinSocket_1x08_P2.54mm_Vertical,Conn_01x08_Socket,tht
133.35,-101.6,0.0,top,J4,,,PinSocket_1x08_P2.54mm_Vertical,Conn_01x08_Socket,tht
120.65,-60.96,0.0,top,J5,,,PinSocket_1x08_P2.54mm_Vertical,Conn_01x08_Socket,tht
133.35,-60.96,0.0,top,J6,,,PinSocket_1x08_P2.54mm_Vertical,Conn_01x08_Socket,tht
93.55,-60.96,0.0,top,J7,,,PinSocket_1x08_P2.54mm_Vertical,Conn_01x08_Socket,tht
106.25,-60.96,0.0,top,J8,,,PinSocket_1x08_P2.54mm_Vertical,Conn_01x08_Socket,tht
58.4,-73.8,0.0,top,J9,,,PinSocket_1x15_P2.54mm_Vertical,Conn_01x15_Socket,tht
